<?xml version="1.0" encoding="UTF-8"?>
<project-private xmlns="http://www.netbeans.org/ns/project-private/1">
    <editor-bookmarks xmlns="http://www.netbeans.org/ns/editor-bookmarks/2" lastBookmarkId="0"/>
    <open-files xmlns="http://www.netbeans.org/ns/projectui-open-files/2">
        <group>
            <file>file:/C:/Users/khanh/OneDrive/Documents/GitHub/E-Commerce-Web---Java-Servlet/ShoeWeb-BTL/src/java/entity/Product.java</file>
            <file>file:/C:/Users/khanh/OneDrive/Documents/GitHub/E-Commerce-Web---Java-Servlet/ShoeWeb-BTL/src/java/context/DBContext.java</file>
            <file>file:/C:/Users/khanh/OneDrive/Documents/GitHub/E-Commerce-Web---Java-Servlet/ShoeWeb-BTL/src/java/dao/DAO.java</file>
            <file>file:/C:/Users/khanh/OneDrive/Documents/GitHub/E-Commerce-Web---Java-Servlet/ShoeWeb-BTL/src/java/entity/Account.java</file>
            <file>file:/C:/Users/khanh/OneDrive/Documents/GitHub/E-Commerce-Web---Java-Servlet/ShoeWeb-BTL/web/Home.jsp</file>
            <file>file:/C:/Users/khanh/OneDrive/Documents/GitHub/E-Commerce-Web---Java-Servlet/ShoeWeb-BTL/web/Left.jsp</file>
            <file>file:/C:/Users/khanh/OneDrive/Documents/GitHub/E-Commerce-Web---Java-Servlet/ShoeWeb-BTL/src/java/dao/CategoryDAO.java</file>
            <file>file:/C:/Users/khanh/OneDrive/Documents/GitHub/E-Commerce-Web---Java-Servlet/ShoeWeb-BTL/web/Menu.jsp</file>
            <file>file:/C:/Users/khanh/OneDrive/Documents/GitHub/E-Commerce-Web---Java-Servlet/ShoeWeb-BTL/src/java/dao/ProductDAO.java</file>
            <file>file:/C:/Users/khanh/OneDrive/Documents/GitHub/E-Commerce-Web---Java-Servlet/ShoeWeb-BTL/src/java/control/SaveAccountController.java</file>
            <file>file:/C:/Users/khanh/OneDrive/Documents/GitHub/E-Commerce-Web---Java-Servlet/ShoeWeb-BTL/web/ManagerEditAccount.jsp</file>
            <file>file:/C:/Users/khanh/OneDrive/Documents/GitHub/E-Commerce-Web---Java-Servlet/ShoeWeb-BTL/src/java/control/ManagerAccountController.java</file>
            <file>file:/C:/Users/khanh/OneDrive/Documents/GitHub/E-Commerce-Web---Java-Servlet/ShoeWeb-BTL/src/java/dao/ProductDAObyKhanh.java</file>
            <file>file:/C:/Users/khanh/OneDrive/Documents/GitHub/E-Commerce-Web---Java-Servlet/ShoeWeb-BTL/src/java/dao/AccountDAO.java</file>
            <file>file:/C:/Users/khanh/OneDrive/Documents/GitHub/E-Commerce-Web---Java-Servlet/ShoeWeb-BTL/web/SignUp.jsp</file>
            <file>file:/C:/Users/khanh/OneDrive/Documents/GitHub/E-Commerce-Web---Java-Servlet/ShoeWeb-BTL/src/java/entity/Category.java</file>
            <file>file:/C:/Users/khanh/OneDrive/Documents/GitHub/E-Commerce-Web---Java-Servlet/ShoeWeb-BTL/web/Login.jsp</file>
            <file>file:/C:/Users/khanh/OneDrive/Documents/GitHub/E-Commerce-Web---Java-Servlet/ShoeWeb-BTL/src/java/control/DeleteUserControl.java</file>
            <file>file:/C:/Users/khanh/OneDrive/Documents/GitHub/E-Commerce-Web---Java-Servlet/ShoeWeb-BTL/src/java/control/ProductControl.java</file>
            <file>file:/C:/Users/khanh/OneDrive/Documents/GitHub/E-Commerce-Web---Java-Servlet/ShoeWeb-BTL/web/Detail.jsp</file>
            <file>file:/C:/Users/khanh/OneDrive/Documents/GitHub/E-Commerce-Web---Java-Servlet/ShoeWeb-BTL/web/ManagerAccount.jsp</file>
            <file>file:/C:/Users/khanh/OneDrive/Documents/GitHub/E-Commerce-Web---Java-Servlet/ShoeWeb-BTL/src/java/control/AccountControl.java</file>
            <file>file:/C:/Users/khanh/OneDrive/Documents/GitHub/E-Commerce-Web---Java-Servlet/ShoeWeb-BTL/web/Cart.jsp</file>
            <file>file:/C:/Users/khanh/OneDrive/Documents/GitHub/E-Commerce-Web---Java-Servlet/ShoeWeb-BTL/web/ManagerProduct.jsp</file>
            <file>file:/C:/Users/khanh/OneDrive/Documents/GitHub/E-Commerce-Web---Java-Servlet/ShoeWeb-BTL/web/Footer.jsp</file>
        </group>
    </open-files>
</project-private>
